true,prediction
260,312.7895785760238
270,286.1620736184843
210,269.17338613208494
100,248.575502038246
100,231.49588030276664
90,243.45443799976078
100,255.65589638824986
110,274.6255128850894
100,283.65860021750495
80,290.1953211892212
90,297.7598031757266
90,296.5068496685992
80,301.0537356354396
90,310.7231416724901
90,332.209191628436
250,334.8917835167015
390,360.90511349914414
190,390.23927325032696
100,347.44522064612124
280,333.15465384546724
560,354.7798051642685
600,376.2994191353937
290,320.0380587031268
90,233.09859377338194
370,222.08688193881585
670,281.6504989467189
230,340.0551449084155
160,258.62248552094434
90,232.399518149821
70,219.08815522095597
70,219.63938258458597
70,218.8581319748805
70,223.4304509859976
70,223.8709640339971
70,228.7074575029917
70,233.86888041824136
70,230.41189777394857
80,238.9681959849704
60,241.79192406114453
50,255.06690060140227
60,246.5865010069117
40,257.44440197644985
70,250.34356106699374
70,263.4652304616852
60,263.4903479747313
80,272.1858439614807
70,278.03008978205617
80,277.54045114443056
70,269.83685745599587
70,278.443256425031
70,280.08358001336956
70,281.3676739464099
70,286.4246808939861
70,287.9724402444908
60,281.4949502489537
70,281.1598322025475
80,282.5926179507701
110,292.0927744114365
70,282.9122885450827
50,275.23592186467886
50,263.2485446424985
40,262.18108596011893
20,271.1327696658054
40,271.15793739343235
30,273.5180285557949
70,271.4692281358207
50,272.37170162550683
60,275.41391311305097
50,274.32141570518684
50,272.4187479049374
60,272.22212555186525
40,269.6950802552142
60,262.44764067830965
50,265.5129719522863
60,262.8275083158535
50,261.5012483495839
60,259.5762403843737
50,259.3249648521953
40,251.75234743940246
50,251.17769324373648
40,253.84904117011047
50,250.50937414206965
50,249.3613992906146
60,248.62471560126278
50,255.83589432246936
60,246.5964874313811
40,245.3724141796306
20,241.62251249486872
40,239.7576240424919
40,246.98675030439767
50,252.58020799936276
50,259.1315138394127
60,259.9169821557389
50,261.9821549607009
60,261.68941879978047
50,265.4002198854689
50,267.7173949999915
50,268.42901009865227
50,268.89476060677
50,268.4250324865791
60,268.0609363801809
50,269.2917895532978
60,270.9573991179427
60,273.22093718395354
50,275.7088004698412
50,275.80551569059526
50,279.8154513466375
50,279.71635090484324
50,295.52545659625207
60,297.57442857940896
60,304.6639444961213
80,315.32716130798326
50,313.96251610616946
50,311.94814915631696
60,329.6671615244354
60,338.9399145334571
60,338.5245805721743
60,342.2009464804746
70,349.6622168906538
200,353.9211109704722
160,379.07527559597406
50,372.9446525461117
160,350.80934630237834
60,370.3739503549691
60,352.68475379277083
50,349.4896057512651
40,361.9814825718381
60,365.21475946440296
60,373.68351036777403
60,377.86702936244865
70,382.33114435395237
90,364.2475130751552
80,339.79561131114815
80,348.99401881033987
90,358.8526634563143
100,372.0437093083476
100,374.7203146452466
100,381.43132409572786
90,398.04189214753205
100,401.359699085403
90,403.8997869429886
100,405.4591281183757
90,404.6329826001029
110,401.7125051391831
90,415.9226389281639
100,415.2607349849718
90,417.6547547648365
70,415.2320383742813
60,428.6512948033003
60,440.45401144696325
80,450.12438079753065
80,469.4622343269166
120,472.5889082424269
120,475.76635474748446
110,477.2014782154033
140,482.9477577948023
110,490.20537502928164
110,479.4144077735855
110,479.2366657945522
120,477.90108729004623
100,478.5318569210781
80,473.7669367580679
100,467.4498864560037
270,474.88022210341387
250,496.36723955151047
110,452.6699419512479
130,406.00408460806057
430,405.06570223457834
300,464.75954943638135
270,452.7845173072608
240,460.6482448714478
220,461.75962769760054
360,457.27786175186475
430,473.5749430057201
450,465.9891704386205
440,451.38025219505926
410,443.7929504321273
100,435.0953368771611
120,390.15496836459306
110,406.25008653245413
120,404.7775637924158
120,424.20025781806225
100,423.5788787969054
170,437.48943482882487
100,465.1344040908705
90,448.4723786800714
90,433.23330213848635
90,431.02845974138427
120,438.16646685501473
120,452.76948591466225
110,459.5059412643707
110,458.65190140492814
100,446.014978143447
100,456.61910011410464
70,449.25696324334785
80,434.11244775216414
80,423.1139283377481
80,412.80884829550314
80,400.4317084170891
90,398.3066856333244
80,395.7507112897415
70,395.3027772653529
60,400.45155138767336
40,401.7354953581448
40,392.7596978991778
30,396.66718558091566
50,400.9375741304016
60,399.9602455226718
60,406.71212472740217
50,404.1724952233262
50,388.70463754968705
50,387.8883295868866
60,387.5463851116933
50,387.70510027427054
60,388.6476872541177
60,386.1748114978873
60,382.95063335634813
50,383.2178401669305
50,381.1002297847033
50,381.3363075382058
50,377.4668584146805
50,376.6736960623207
20,374.0246842282054
40,365.9904018959355
30,364.20530844437144
50,362.9281674618039
60,368.68745733269316
40,362.1608225488935
50,359.9446749392348
50,356.97194324570637
50,354.13661626614726
60,353.57119021659696
60,348.22777222419563
50,344.3918336030754
50,343.1352773485296
50,340.8307171781985
50,335.064759546211
50,331.265818094932
60,329.5692549364826
50,328.473992861439
70,330.5498653433192
70,334.97363137093157
40,336.4163727466421
40,329.0237320802121
230,331.5724285037595
170,362.7700974240197
60,364.8629604953553
70,346.66672658067546
90,348.1122649173644
80,352.38110349318686
80,351.66294298199546
80,353.4479270650886
80,349.94645322231554
80,349.8784685013061
70,346.766375473489
80,346.28148320423907
340,350.125293513036
370,404.95524290273215
80,425.46383570919033
50,379.60029123528466
50,363.60884448604384
40,366.45495053145055
50,371.68901644652715
50,383.76817719053474
50,405.80550980664566
60,415.41594590149816
50,418.7462690875875
70,418.91177379406463
50,422.1244470185195
50,416.56325524918066
60,419.7542971122016
50,423.49562658542845
50,422.33821845677676
50,420.4482804775689
50,422.46320562497635
60,422.5198548796309
50,430.5238435271799
60,428.12566543534604
50,427.4396743240145
50,424.67858834192884
50,427.22670748409905
50,426.26483723530464
60,431.71641765337245
70,435.6757881761562
80,443.70543572495467
100,448.96353639091353
90,461.7272195142227
90,456.6382827816085
70,465.183181246598
80,463.7867897041165
70,464.8595741961608
90,470.1943210433549
80,478.9414035820091
100,476.84084083180323
90,480.0703692195714
80,479.6672196392051
80,474.6900676125306
80,476.36159969969367
70,476.8573859539508
80,476.02258540508865
90,477.0199498340721
90,479.7958597742718
80,478.34869896524924
80,467.7450920078136
70,465.6807758681914
80,461.68617551408306
60,457.91612162340107
40,456.898885434387
50,451.43895404014825
70,460.55664864289247
90,463.6827611007475
320,462.50285450672254
330,496.34703019416656
270,493.0622218972567
260,468.8697425064074
240,465.21715253361344
210,447.77733082224995
280,436.0337189588372
170,432.16301297275004
120,403.9932548604743
100,375.1888413406241
120,363.620318658192
120,369.4477513191175
130,367.5429350184131
130,362.1240219759843
120,365.14640852636944
120,363.02696778089876
140,366.85116056556853
150,363.29843612505397
150,387.74201201266897
150,368.4159410298239
140,370.5825337498686
130,360.1607393823674
100,356.5584542730089
80,343.5837193394523
60,347.70690828225315
30,338.86408796701335
40,334.8288569683491
40,343.9824803653796
80,351.09770648260724
70,353.25258362693694
60,354.09265411120305
70,334.67264261489095
60,335.60113464292135
70,330.32279126396406
50,335.7076709506259
80,327.01540335776053
60,328.8026112721559
60,296.521809977208
70,294.32524975640877
50,293.1478488642815
50,289.0109127824235
50,288.0492093100197
50,286.157469420212
40,278.7420379287007
60,278.1174289579985
60,279.73380475136946
60,276.20775434465804
60,270.796793934029
50,261.45993262808975
40,261.17114404920017
20,253.48909317942184
30,243.1792781659742
30,246.86274440077113
50,244.1791975408205
60,251.80435725588222
60,250.97943045903435
60,238.84491996922088
60,231.74653479882363
50,225.37124885767457
50,220.72323925288447
40,215.8735576119609
50,210.22199768363953
50,217.65246677335494
50,218.99712178975324
60,220.26813441677132
50,223.653800089171
60,226.20491876693268
40,232.1813118608743
50,227.60512151096736
50,229.7567049019981
50,237.3003111833509
50,244.61955564499
60,243.3276915778747
70,254.22354988010466
70,254.613073076011
30,250.9194606424967
40,251.00532962449324
50,251.52632624081616
50,259.42860005341413
60,268.81027358144047
110,268.4971555371335
70,283.17557855057544
50,265.2523886671311
60,249.21399180488743
60,250.85709168698168
60,254.96345072242275
50,256.43335081775876
50,256.7881360586341
50,260.8236689691157
50,262.71829672163494
40,271.2061143740211
70,276.36364823695203
50,285.60034037426317
60,276.33718257769397
50,279.08436324222885
50,276.9398869649108
50,279.92694861698874
30,288.9877834476015
30,292.47028283838426
20,299.0201828090021
40,304.0900969323461
60,307.2166569888773
60,313.969698440339
50,327.88770017079696
60,320.68324073199915
50,318.32145580729116
40,315.0773230209113
60,315.40353323511863
50,313.62489389807547
50,330.6926206375106
60,325.8351391841993
60,323.34046128720456
50,325.564867270371
50,324.38914479010054
50,327.02828292319737
50,337.3170503618112
60,336.7763607021052
40,342.763026581551
60,340.7645820340481
60,344.8173576199147
50,346.78337906409615
60,350.42676483929336
40,343.38298431396015
30,340.64978693923786
30,344.0026009043054
20,346.04539801292094
60,340.91397014340464
50,353.10573293912967
70,360.0259370864642
60,366.27980089903576
60,358.82547686632415
50,358.92211017197496
50,356.69078042678575
40,354.88244114141867
50,351.3400850319608
50,358.40069755530067
50,359.1849625786849
60,353.3219257276369
50,358.46208935786126
60,350.2491682181376
60,352.51475612976947
60,350.05810245002385
60,348.65859555669704
80,353.416158979295
70,361.2594345035309
90,372.82193160089037
150,396.5302632753087
460,417.2452557432589
340,447.3683833363589
310,383.220684277401
120,383.13119341447737
140,378.4649189111624
150,371.2146572459674
120,378.6039788472467
130,366.1536775966597
130,379.25728102664834
130,388.1390300556368
130,378.66762509023374
170,395.002054138562
210,404.26369960510215
110,405.8431787184986
100,387.62042905489284
110,389.18939338453447
90,386.3225292014399
120,410.238724469516
130,411.81224044580495
130,419.88367063916667
120,426.6020558962241
120,428.49164198227845
60,427.2430832149921
60,406.5392360287301
50,397.3722593038178
60,396.6052025509098
60,380.23789860677743
50,375.48384692589025
60,361.55207886678363
60,359.59744161154094
60,352.41112868898745
50,351.6840111537035
40,351.821966126241
60,351.79052741280066
50,344.92925493713324
50,335.85303082933297
40,331.83898711688926
30,319.4627811002647
40,316.1565849587023
40,316.44818373500993
40,307.26466729082676
50,306.8965828499804
60,307.25452182750723
50,305.65100845711345
50,302.7225632058478
60,299.58236950980836
60,293.8880043242393
50,284.57854270573716
60,282.4115113665407
50,287.2469841955026
50,278.8969801299663
50,280.3226442580535
50,279.1738659876198
40,273.5009575457866
60,270.9990310504634
60,273.19146099782824
60,266.35026545077835
60,266.9348701153074
50,263.977494921734
50,262.7587619626154
50,258.5820384959852
20,257.7724317917523
30,250.91034967537644
30,253.52731148700468
30,257.94922856332914
60,258.72973217489744
50,263.6757426764548
60,256.6307478920253
40,258.61835913889945
60,255.12751090452048
70,261.5573732834164
70,265.24330268399444
70,254.99002811670584
70,253.65167756838127
70,251.30739614198592
50,246.16882686007557
70,251.39785766179966
280,255.49761809492247
150,299.1339884398153
60,289.8833742245615
70,284.1254750975413
60,298.3433119635715
70,309.1109084199595
50,317.70001974320394
60,320.92166717996884
50,332.68733548851765
50,341.8093459486033
80,348.8160737882081
60,377.2769475167586
370,368.6490573574738
400,420.8871134550825
70,423.9453055659387
70,362.99777712034825
80,361.83269589181145
90,370.2405895489851
70,377.08858635263186
80,370.73809310355045
60,381.0147734091629
50,377.75265379368625
80,369.1867029064308
80,362.9688619449387
80,364.5204299423267
80,364.70839354278405
120,379.35830955658594
90,416.4901879950064
50,453.65047086217714
70,481.5841711483431
60,508.1487925338108
90,526.5513755404936
80,527.8936354547668
80,518.6044076652611
80,501.3983901262054
60,505.2105538439696
70,489.0790335725608
60,485.80510028469917
60,487.0775765316698
70,477.08643567258537
70,472.9119135042897
80,473.0497274429599
70,475.99259072876475
70,458.3899041924874
70,455.0528818489415
60,452.4843232261369
70,439.70186020979827
60,443.71442472833496
70,443.3945459046415
70,432.59504005567123
70,428.77406984495633
80,429.8814188405704
70,429.0503466378991
80,417.26561388279924
70,416.2162467829521
70,416.5164300731949
50,417.0943442005921
60,413.56860716012807
80,423.06754331690263
90,423.9467844374785
90,428.42942030195036
80,444.4598500657203
80,455.62096583688526
70,466.71873124422996
80,475.5672119718761
90,480.71947176085155
90,488.2290009852072
130,485.18903248682545
120,495.90402862682004
130,499.82191323237475
120,500.121798838921
130,478.6885888846907
120,478.42204978426776
200,474.1448917230573
120,470.23260834424127
110,448.6031509018526
120,447.14828342801843
130,440.70063438359557
130,443.67492434352425
110,447.88436692545247
120,443.51411000558073
90,455.51911425993285
90,452.9447515140623
80,450.5748572682878
80,452.7309976305519
100,455.5170501886894
110,457.9417460558643
110,458.4086687554154
120,453.3217946010823
80,441.1411057905325
80,427.554156736011
80,420.8671687741985
70,413.97801121347857
80,411.56931089669274
60,407.3808659047522
50,390.1874983864682
70,385.070216957447
50,381.33458652365334
60,369.29249257676133
50,352.6752989476231
50,341.0752873060592
60,333.3665405813374
50,326.1942599191789
50,320.9774316267021
60,315.9889810797729
50,310.8565065277339
60,307.52706135534277
40,298.0882094601261
40,291.7038855318524
20,290.4278657534478
40,286.25225503868205
50,293.3847221320043
50,299.0304791421959
50,295.0171603145841
60,292.3472515216695
60,287.6930463868557
60,290.181755560262
60,282.270890651856
50,278.93476058685224
50,275.32494740699303
50,271.3736142432756
40,271.85731168218194
50,270.9688252797109
60,270.2768685350468
60,269.4103356700916
60,268.8332211419431
60,267.4674561828888
60,260.0893932851154
50,256.72126168688396
50,255.11869360536048
50,253.51372333327936
40,261.0372952845173
50,254.5883082448829
60,257.4156896075656
50,258.54113065764204
60,251.30029960447064
50,256.94524536424206
30,253.8388600160597
20,247.3989327435263
30,248.95637614370594
30,253.9307553329336
50,257.90192355098816
70,260.422233262585
60,274.6084019729565
60,273.9764832663559
50,265.9907161195706
60,263.0256781934554
50,265.2842522271103
70,261.0323530068317
170,266.75882120264055
400,280.47094273412245
150,318.13140291419177
70,277.7880960977277
110,279.1833503816233
100,291.12090778851075
120,306.35114689759894
80,320.9595943990075
90,327.14619636238126
120,367.5620940114777
390,398.0413709468453
240,444.1608620492075
120,427.31353794676124
70,419.84277102130955
90,412.83733103371924
80,426.3986345284993
70,432.28172916092376
80,443.80794723694817
110,459.3889073818825
90,467.492479099501
100,462.22248565123573
100,463.5977370839737
100,463.7786077307901
80,492.02221811808636
80,516.3131912899453
90,536.7412075498682
90,556.3230596932544
90,557.4441371444043
90,557.9883508697969
90,566.665752998792
90,581.0406206286107
160,592.4810289212619
140,600.9036348555092
80,590.4570684215832
70,588.3025875468138
80,580.9528783678438
30,589.7490953048709
30,577.7326156587942
40,560.4339746994851
20,551.001667744016
70,537.5768016935567
60,540.9883065103841
60,525.5243100955513
60,521.357294032814
60,519.4300368373051
50,532.8694444572502
50,551.4191294752477
50,558.2741969856152
50,561.5356920979025
70,551.421032859181
60,540.4960286019218
60,525.3635628441434
60,516.696083454462
50,501.93245758534476
50,492.22197775594805
50,485.6590102483883
60,482.69203355190166
40,477.69158324019304
60,466.6835135633444
50,465.50542675347515
60,455.7405472094433
50,457.0605666917777
60,447.96570661161286
210,444.77918885276176
320,468.0472392392039
520,424.4553774852759
490,433.95046599627176
150,359.3460223022755
90,303.0693031388332
90,340.38663190790385
80,358.76653612647715
70,375.00240007723505
80,370.6799703228544
120,385.02579213848526
110,398.88259475910854
90,410.947745321751
100,404.6488272695915
90,400.28664626565046
100,382.99836641002867
100,377.60207536062194
90,369.81008843253085
90,361.22343054189855
110,353.6078634970295
100,349.1444108842122
90,344.85238643814637
100,355.9564599474056
70,352.9094417093668
50,339.48734190988466
50,337.5429364826264
70,336.72984745092504
60,336.49264728703884
50,334.42178312726037
70,334.4535231820114
50,332.0642855504839
60,327.9426432181972
50,330.874575834295
50,323.8513811562425
60,319.73056799321967
50,318.4798462461322
50,314.56358606224353
60,312.3758305093038
60,309.5614186565192
50,296.3337111427859
50,286.88736521532314
20,268.62254943466814
40,256.65895347288506
40,255.03927711407187
50,251.92587873434059
60,251.53909307370236
50,253.50007890762186
60,250.26916567106173
60,250.38479748197642
60,241.63562465422592
60,242.70697598656238
50,240.04027777515194
40,231.36588118234386
50,228.26085220965683
60,232.17473809549574
40,225.16538723212352
60,218.77979429873312
60,217.86013145333345
60,215.56458211307677
50,213.08202311570494
60,210.38265468587815
70,208.65453675698177
50,209.77836292962797
50,206.5623485634046
50,204.0083512218714
50,202.54569028419587
40,198.73191781897754
60,191.53951577585985
50,192.49180275268736
60,193.24492326977725
50,195.25618256455255
50,190.97530423618628
50,182.49052203744304
40,188.28036846349596
60,189.36472795864665
50,196.03631200306017
50,193.15827721271398
80,195.61936982501402
110,205.29401255252333
80,198.13209933813914
70,194.1731717217035
60,201.68861627042816
60,207.16978654099876
70,211.3236806172108
670,223.02875724607748
470,332.7945910997105
150,317.00363174278505
70,285.8268559588464
110,288.2078922807716
110,311.33614506037975
100,310.8229655892642
100,319.8324853231975
80,326.99046198995984
90,337.23194808644257
110,336.48088901388746
450,344.08197530914936
610,404.29934670160037
290,436.7515595090654
90,382.9352075896786
120,356.0064463856538
110,356.480445184819
70,351.94134047370244
100,341.9202891941027
70,347.6523366974841
70,343.74334717261536
60,351.50377258228355
60,352.3203234047387
80,350.4525911393848
70,356.70961950492847
80,348.72594474781044
310,350.92390937572986
340,394.05223631539775
110,395.03039215214176
80,353.8720617604022
100,357.17328488449493
120,366.1169262086637
80,382.6133353141829
90,383.98227332699435
90,386.4690532952161
90,386.76347734694855
70,377.1725101226309
70,356.90142129976493
70,353.7766131932881
70,354.1613983246889
70,361.4639562371574
140,371.2632990192792
340,379.23302413159195
190,404.25525058860603
150,380.9155711369722
80,374.2134855651584
80,377.91990448769184
70,377.2297728080225
80,386.17050897510126
70,386.16722448975656
70,379.6168527165403
70,367.9427434356912
70,354.3566188621744
70,352.7326374009731
60,345.32961049088317
70,342.5735357277774
80,342.16407336291377
90,341.0520419375357
90,327.5306780355427
100,323.69237777181
90,318.57325401368644
100,318.8038682493982
90,321.15748535008424
230,312.35478608960625
230,337.523029614239
200,329.20096144552645
190,325.3472951226204
100,298.95456877064134
110,281.1397207433822
110,271.5988342186615
110,278.79798295020737
110,280.84208947866
140,282.8136649665664
150,298.6792602596679
140,279.20485361038664
130,261.15088188820664
130,259.842799308949
140,258.7440018594741
120,249.56415058250923
100,245.48903386845382
80,239.96876804350154
90,229.87204998031802
80,242.1487586896235
80,230.5747605286067
80,228.28083805053848
50,226.6029291159398
50,216.41770111508822
60,209.2887872079291
50,213.84822682709228
50,204.22022292197335
50,206.1598898622167
50,203.21199905442154
60,205.70944923538582
60,195.4248482618757
60,187.41597713983447
60,183.56131939352508
60,185.29732878791492
50,171.90800819204492
60,167.62554443325462
50,159.06492287241736
50,156.62450127806278
50,156.8091478807769
50,157.84351006737324
60,159.95866049403526
50,163.0823199619001
60,158.6875291460815
60,160.35885764631757
60,161.1948321245568
60,161.58491322811437
60,168.61748086454918
40,172.26864344607839
60,172.24944192090334
40,170.14460889231168
60,164.3453639724587
40,163.54080992873514
60,157.81974901691729
60,154.83932626573824
50,155.81204013562933
70,153.81994685484324
50,155.07113128507717
60,149.79062808007507
50,149.77813597247336
50,149.82045322916792
50,151.86960552881192
60,152.0846534357795
40,152.63638898354134
60,142.84087042585452
60,145.05306577603187
60,145.205816835934
60,146.6258975363985
50,140.1141233477133
50,139.54896759118083
50,140.13543579826046
50,135.77165459510707
50,129.41317541596254
40,140.297770944562
50,142.98879239934422
50,147.45002487476586
60,144.54541688664222
60,151.53076564099365
60,154.36737947609708
50,166.594253646796
60,167.6815834135955
60,166.6957635435508
260,169.16635841517564
360,202.90090519026126
100,210.0472399267528
90,180.30636256663092
90,178.94991055285118
100,188.6037755501775
120,198.10835143989925
200,212.30584560484522
130,236.88479958655444
80,230.67482719214104
210,218.86561068669857
240,255.8195039372256
210,279.95700145269166
80,293.5462995224116
100,261.6944999555801
90,277.8500633557087
110,275.9895854136921
120,267.7257175405084
360,308.1327907910477
270,364.1082276307759
120,367.8182206807501
140,370.56985838505193
120,382.0215479412034
100,389.5863306057199
260,389.45674965273247
250,418.88677158470523
100,418.23862981313755
90,412.24389019996124
80,410.29924652799264
100,410.8278693341372
80,415.7088416644501
90,410.99571574263973
80,403.4051186988095
80,403.4225391859927
80,391.26686453103343
70,393.7259991799601
80,384.14606085160653
70,378.15303037842955
70,365.73036825811323
70,368.37595424161145
80,362.26220393889366
100,376.0356709863495
90,384.8037636808308
90,384.4320350982757
100,402.3932507732193
110,410.09658324600264
110,407.54601829255625
100,410.6732146466304
110,414.5746490958418
100,412.60451458159514
90,414.20380376566663
100,404.5233558447985
90,397.8490236839407
100,391.8753253290945
90,385.16908151949633
90,375.8304956377424
80,367.26751084433636
90,359.1506388944513
80,349.25087457499785
90,340.45666361550593
90,337.26011949834515
80,335.8121223560979
70,330.9072379105769
80,326.79673297586305
560,316.9769800905658
630,373.5891759621543
230,364.76808253876584
100,241.88641288929352
110,251.45221282517468
120,254.04658733039946
130,270.03517128852445
120,267.87456891217926
140,262.72196893597584
100,262.53218068863043
110,240.5614988598777
100,224.498033525658
100,219.8979429324313
100,215.66901418895986
100,222.20954879758483
70,225.6632756746517
50,219.44964313426885
50,213.09116457442224
60,207.9950344015533
60,216.91198457289443
50,218.25965796557148
60,204.81447285170952
60,212.70571827959475
70,198.0603714965339
60,189.63242307528003
70,184.83009646568007
50,182.1256708142887
50,174.8369319205451
50,175.11077183781572
60,166.28027133705427
50,158.89070892216296
50,153.9237929245112
60,151.42569440736543
60,151.02171980637922
60,146.8464393563304
60,131.68216910259844
60,126.21095066306998
60,120.39011515355196
50,114.09118491990853
60,108.77311800840835
60,104.18979026018133
60,96.06293222811155
50,98.41605823918303
40,87.71168279552057
60,85.64432013614851
50,85.51214803237713
50,82.56030654241431
50,79.83990175405643
60,76.85944229722872
50,79.83109991537503
60,68.55620798571044
60,65.47240489158503
50,60.52782442486591
60,55.8835007031596
50,56.307625977713315
60,50.54594694638854
60,52.253344838601606
50,55.53289481492516
60,54.886689344441265
50,53.88639316712488
40,51.667904388446686
50,53.62972457628598
50,54.52365846561361
50,56.725911605384226
60,58.069899393954756
60,63.454482535894385
60,62.52995835744264
50,57.534774587539914
60,51.55492186466199
50,51.07715070311224
60,48.2598359373269
50,55.244468365760895
60,52.607151570012775
50,52.74281643245922
50,49.25930219202883
50,50.84090956260616
40,49.1017078637974
60,58.23890903800043
40,64.85085144644245
50,62.480612901796576
60,66.71148423889963
90,60.6085726334818
60,62.6145295021131
70,59.36002590880389
60,73.56091563109044
400,59.292218585457476
130,106.94504190478528
370,81.98134185424897
70,140.65426000315392
330,115.22341614282641
230,166.04036553971946
60,170.3584564407024
80,159.66996861623352
80,168.04783518725935
80,163.07212278680117
410,167.88820662588319
180,223.56636035925567
50,179.6191587317403
60,151.5900811325846
50,153.3325787880858
60,152.29915648459064
50,164.9602489366746
50,165.98937106419044
50,169.9515775844236
50,174.79808053461738
60,173.88343526168683
40,180.24858535877888
60,182.81088912111272
50,191.2041842048202
60,189.3982108639084
60,193.79993073450646
60,196.46632971329336
50,196.917946639325
60,200.7774708119814
60,205.20137570765473
50,203.6122922855816
60,206.07369651707086
60,206.73109674598118
50,207.27598343351747
60,213.022251386466
60,218.66911913103286
50,214.96599193219754
60,216.0560010307995
50,218.30884965380437
60,218.76519076880163
40,221.04598722481114
50,222.330731376803
50,225.46340859425072
50,228.7366319592902
50,234.71462867472928
60,232.23892655265718
60,234.23635695835014
50,237.68646546578339
60,241.23599685019917
50,244.4779315584483
60,246.01426949880397
50,246.6723052483103
70,244.09670305926602
50,250.3639879881689
60,243.73632331362705
60,240.9288503128755
60,235.392933625586
40,234.34414401658705
60,221.12030467209297
40,226.89902765062266
50,226.73421834250735
40,232.72763619130956
50,230.62745550499358
60,237.82376144705404
50,232.61322685662162
60,229.64416611685692
50,230.16184616274086
50,225.0049518788137
60,228.98370075081561
90,236.63473416294846
70,219.98352071335398
90,198.75857754826438
80,187.18885014206035
80,180.26571237968847
70,170.0235837618793
80,166.4277302036346
70,148.2604304372628
80,138.8173289770359
60,147.45340907102582
50,146.34610986065854
60,136.98088378762577
60,134.2244572527443
60,118.44911604764911
60,123.82955213668629
60,120.4436566889949
60,113.24067000135324
50,109.89127515478094
60,105.27114816389303
50,87.26161563783353
60,84.85123308867242
50,83.85527358344825
60,77.87314957119224
60,74.90972352960762
40,72.19426875241243
60,56.59536454967747
50,56.592581074244436
50,51.64968632609498
50,48.67715690478599
60,46.71135446001426
60,44.88694386588395
50,36.019448710474535
70,26.492306050790603
50,20.942412462660286
60,12.653323828312296
60,12.767404245347734
60,7.439730696929473
50,2.837084612026956
60,-0.418156397316352
60,-1.4090483481468254
60,-3.9879983282623925
50,-4.296614685915301
50,-8.604408993879588
50,-10.756902678237338
60,-13.218951414137791
40,-14.088022902982857
50,-21.944752072037318
60,-19.50339696772903
60,-17.374021344211087
50,-14.882018635863915
60,-26.01885217706149
60,-22.887600155861037
50,-33.2747368428777
60,-35.13994986737316
60,-32.65208757242135
90,-28.561239258084242
70,-27.994830201954755
50,-36.242039818600915
60,-36.419894503885644
70,-27.196064201376885
50,-16.217087885036108
60,2.580310214530982
40,11.539811473141981
70,12.551403425334229
50,25.19459119853036
60,27.055464998243906
50,23.779940868606218
60,39.70644899635454
50,44.309438201331204
60,48.94258140722195
60,53.52045053777647
60,62.170626659647496
50,64.81228958111387
50,83.11608808419919
70,89.03523574087922
50,99.31948761334343
70,97.66922313583791
60,112.43674109321182
70,117.04081641758557
70,139.1698149973622
70,143.69750344090562
70,150.34590144696313
70,154.54277636528514
60,161.47819412699346
60,155.00744769156518
60,164.58285608791448
60,170.93127583254773
50,173.20046231240258
60,167.2385367904526
50,170.1992504106056
50,174.136592455985
50,183.581625720974
50,185.10187877516182
60,187.6025402195205
60,202.57983438504152
80,203.1858796669112
70,201.01330168808363
70,201.94934692874017
60,192.21855017687403
230,185.61975295601542
190,226.1370257861313
180,212.3046470703357
80,210.70546034695508
80,186.62161419334643
60,174.73920757475298
360,170.14052511242312
370,217.10680633713628
110,215.51298204090313
60,171.974865652674
70,163.3097508325709
240,165.42737552962853
60,197.34027475468383
50,174.1126461992726
60,168.99523608857817
50,173.57366189342702
60,173.23123566435606
80,183.61141641399217
60,190.52295729068828
80,188.64905652528432
70,199.26127489467012
70,196.9306971208307
70,197.5175000414133
70,192.18633909207188
70,191.33892581397777
70,184.5795048061641
100,183.52701472833132
90,192.36135523773828
90,193.87786988234166
90,185.59917165111756
170,184.47280356454598
410,196.22825759953776
540,221.22739914832027
310,221.56527871117123
110,149.24198701063779
110,101.78764038567442
110,105.39405526147516
120,105.05477990486315
160,121.4944935458434
110,128.3419330373199
120,108.30792434722184
110,104.11649208206927
110,95.57620126866232
110,91.46944653148876
100,91.38151922130646
110,88.17019258579558
100,79.80371212168211
100,78.31509136697423
100,76.60696482704884
120,89.56504427865366
80,95.67870572036736
70,85.05023604922599
70,76.19908717146427
70,69.41772549662232
70,67.51882809568838
70,64.95514582799933
80,55.8234560099836
70,58.46974281875282
70,39.13717567135495
80,38.905387693482226
70,38.16901004581473
70,35.13143535040717
80,40.93785855748365
60,30.861770272489593
60,9.160888849696903
60,0.17849427591636413
60,-2.1729831638172072
60,-5.051194532083855
50,-7.453910644926054
70,-10.451776095159175
50,-15.535033406174307
50,-18.212951731904468
60,-18.82470619971582
50,-16.751649928232382
50,-16.228945330366514
50,-15.972688599508956
50,-18.360651330954852
50,-20.819815687418668
50,-29.950260977300786
60,-28.54863199232159
50,-29.99820786602345
70,-35.56667074224015
60,-43.30335683218664
50,-43.631966377882236
70,-48.08029591964305
50,-45.168297506752424
60,-52.281708377396626
50,-51.49488699564154
70,-54.43424031307177
50,-52.704829828689526
60,-52.793976927101994
50,-49.680769426335246
60,-45.03366525825459
50,-40.66151473208038
50,-41.326468033921174
50,-43.08557392639932
50,-46.45849990408715
50,-40.845704893596576
50,-41.75733737551218
50,-43.29800618974559
100,-38.574809541167724
50,-34.037444982001944
80,-44.4101971281907
60,-53.23273717799793
80,-53.924066647978634
60,-38.91202633150033
70,-43.87977655054192
70,-40.51845546413506
60,-32.736099610476685
60,-30.77268041558
60,-42.33865139255204
60,-37.09879599735132
60,-22.928857740095054
80,-26.46943875236593
50,-41.75415733160844
60,-47.85978714835437
50,-45.790897009447235
60,-45.2517455453567
50,-40.10689215689126
60,-41.72505783447241
50,-38.7917067014364
60,-40.00072381991504
60,-37.37276985415974
60,-37.40155068987906
60,-34.21296785249433
60,-30.180768706979507
60,-28.69393637464782
50,-33.521633076267335
50,-33.57491435028305
50,-27.734245865252205
50,-18.101131409181107
50,-20.15463248635524
50,-19.91425118459506
60,-18.719487954131182
50,-15.8597978787991
60,-22.570960708206485
60,-16.005353358817047
60,-20.597001810848724
50,-20.85033313215581
60,-18.191265720232423
60,-18.88883453967196
50,-11.50222263157957
60,-9.154650531477273
60,-5.141483129367771
50,-1.9927732416067556
60,2.836068446632453
60,3.490080968904522
60,4.005967108356344
50,5.138827546466473
60,9.180274914659094
50,11.862124862186192
60,14.450907628004188
50,13.486582909734352
50,14.139371860597521
50,18.25432297901284
50,19.233289204752055
50,17.42713365160489
50,16.37010879744753
60,16.663149758960344
60,17.325672458896406
50,15.421560486287945
60,11.548218900508573
60,18.48082704071021
60,18.699463987641593
60,21.13214687413165
50,19.06297726575417
60,16.90608095063726
50,21.45693160560222
60,20.344620825826496
70,19.859778417680445
70,17.509521363269414
70,16.15725321262471
80,12.23853826252116
70,8.384072943135152
80,-2.9354444688081003
80,3.475120266657541
100,12.416073495623777
350,22.967410055161054
140,64.71059415784725
80,16.6051082149811
80,24.912500018893752
100,52.25936761741741
110,73.54745440101192
100,84.28534098660498
100,75.03658522965316
100,78.12026407699523
100,84.33031498174114
140,81.81171099735684
90,88.3372973321475
100,79.52759169790761
90,74.0790113066414
100,71.1372812497616
90,70.05152838763092
90,65.72416195692176
100,74.28915894616466
100,75.03261942237168
110,72.54494691222908
70,66.16830500306651
60,55.44248195021373
60,54.20095658800847
50,45.56648913535582
60,37.030931748807234
60,25.49393501329405
60,24.892986692882005
50,21.081331745856232
60,20.220605262336903
60,26.06842255677111
60,22.66164819079222
60,18.140098586916338
50,14.573306259474066
60,13.740435004372102
50,13.777897623385797
70,7.520108433344831
50,8.603645029087147
60,2.570779619172754
40,3.8109284261233825
50,0.7894995906315216
50,-0.5500821912548872
60,-4.3541319062251205
50,-3.4132383994638076
60,-6.44169855059863
50,-3.809373777008659
60,-9.499049973864203
50,-10.2946432955614
70,-12.315251974443072
50,-10.868390995414302
60,-17.644507563568368
50,-22.80872934625586
60,-22.086529409013565
60,-20.679455830653296
60,-22.792852310960825
50,-23.45680985378135
60,-22.214480990813627
50,-20.77426596842315
50,-24.789916336341093
50,-23.867742909859317
50,-25.152654195859668
60,-29.649034598809067
50,-22.208382071309188
50,-23.937903172448387
50,-26.68605178247708
50,-26.314929989346865
50,-28.410043583880906
60,-29.22161735227064
60,-24.21259483166955
50,-26.85746217656606
60,-31.494557894563513
100,-25.677520115475545
70,-29.0654019276717
70,-23.96159381747475
320,-19.257695037154008
80,24.9830455484082
60,-13.822606186128269
70,-11.74567834513391
60,-6.630747084572704
70,-4.996001841515863
70,7.670750265584957
70,8.81162652783587
80,7.80265910924345
70,14.156136902032813
70,5.553817429231458
100,-2.4200967490096446
410,-0.3087963886914622
270,48.272107938925274
60,19.37351553119356
70,-16.45652923370949
80,-7.0259292867644945
80,4.721894282777384
40,28.41778438964866
50,59.763583724161435
70,85.34909650122427
70,99.17107663843353
90,102.13389708750765
70,102.47339068804104
60,104.31400414666814
50,96.05520710673568
70,94.80339584003809
90,99.1620758956501
60,123.64746165074439
50,116.88936234954963
50,115.35485784092089
60,112.25362472752113
60,109.68680736055512
50,105.86769479368513
60,101.41013526259621
50,107.12192785888874
70,116.06496432852691
50,114.70239071779542
60,108.79690756643868
50,110.52506027788286
60,107.46050504557661
50,109.32805491854788
70,105.25702669309067
70,111.79675826763105
80,111.65419484415884
60,112.53209305155542
90,110.79287057325519
70,117.55987315341827
90,116.74594513345346
70,122.10295798508469
90,118.57920617503623
70,119.28747720360025
80,117.04431637022253
80,122.56509433486508
80,117.59883813017541
80,117.06617141654851
80,119.19085021913315
70,120.12321632771682
80,114.24533495610967
70,114.03540538489415
70,107.14107181371014
70,99.65973385839925
80,89.44442332202675
70,73.3762368054663
80,62.581035083741654
80,62.906081405379155
70,50.5630309428866
90,53.027860991925536
80,61.792818848469096
100,61.700363965899214
110,64.98552652427065
100,51.74980837579733
110,28.75261841888937
90,24.449613037675363
100,13.206346328121072
100,9.84501877746402
100,7.152196602314461
110,4.509045131561834
90,-4.661453486104392
120,6.29191962715413
90,9.009234362349844
100,21.00806449052766
80,39.307183729317785
90,42.59123719829722
100,40.550145375427064
90,45.90575025581643
90,42.26078477501051
80,39.213306358966065
70,36.72470298920962
80,33.50078870006564
70,22.801085308441998
60,10.510436595745432
50,5.219743819182668
70,-2.4163352385830876
60,-1.4376812022724152
60,-8.518474784260434
50,-21.622006284932468
60,-20.459289178417293
40,-13.556904025773292
60,-21.68736032894003
70,-20.886326343621022
50,-21.655953860211184
50,-31.067472351277956
60,-26.31253354244177
50,-25.66262335295869
60,-32.21236188714238
60,-26.6586253991818
60,-25.17508946869384
60,-32.07422417889029
50,-34.130690199115634
60,-32.471453093814034
60,-34.71334634502591
60,-35.353991865689295
50,-31.36200693502724
60,-34.457046070684555
50,-31.124937697946734
60,-34.286493993005024
60,-36.20208149081145
60,-36.31014249123609
50,-42.31758818684921
60,-44.48858331552037
50,-46.809954570050195
70,-51.29106033741846
50,-47.89649994522051
60,-50.2872272741356
50,-48.451344270731624
50,-53.42432347355498
50,-54.021828635809015
50,-57.980448895426434
50,-54.449153309889425
50,-49.73235611981772
50,-49.861906912287395
60,-45.558515642369
50,-47.12535905855066
70,-47.8799733292999
50,-49.40828985205053
50,-58.528879452014735
60,-54.849038167000344
60,-48.16745299598506
50,-52.55033278566589
60,-54.18048236294089
90,-51.964156343753075
50,-46.95780092643008
60,-60.76066275839912
50,-34.16615038521695
40,-30.897719801258063
50,-25.082489147847582
40,-23.066694999853098
50,-27.905099681985575
60,-24.658341103467592
60,-10.72013303535914
60,-5.889437975740748
50,-0.01722411455875772
60,10.760615058329222
50,9.317611462829518
70,10.7575099948765
50,30.959643687659536
60,32.602129674000935
50,30.77871953561953
50,34.72994123765329
50,30.528789433144993
50,36.25594431358286
40,48.37792684283295
50,51.291177657199796
40,43.428084836258904
50,38.939953192786106
50,36.87281563073111
60,35.279226537845716
60,44.65934479931457
60,43.03185048122941
60,39.551383345523845
50,40.349320011298005
60,44.23230198689498
60,39.342800417695344
50,48.61708484957808
50,49.36856996675215
50,53.291900791960416
50,55.5644802706006
50,57.98918535853545
50,60.17380799505008
50,68.14366764031138
60,73.13435902841275
60,77.85656085756136
50,73.99119346487441
60,73.90831731724984
50,77.24296871063598
60,79.50701760110042
60,80.34379170731609
60,77.59083497108122
50,75.94957683676375
60,76.02179494532197
50,77.51729058136016
60,69.98249287433919
60,75.23007806165924
60,75.5494986684439
50,74.50794087646
70,74.41013025075063
40,74.26602449970142
50,68.9581184372953
60,73.11255439882052
80,75.0226675322765
60,84.54137139771865
80,87.61509699085241
80,95.86415744154624
100,97.71009239409682
100,103.34428288957861
110,105.89810765930497
200,105.49706234274481
100,101.42192103435127
100,71.15696150829808
100,68.86956448182855
110,72.83279638500699
120,72.74243827663054
110,73.9435097744049
470,72.23341026091657
340,121.7999526921626
100,26.6738993457152
110,11.976210537215138
110,23.771205897367736
90,34.43242948878469
110,35.06221263455609
110,45.596087101702324
130,39.32521574958719
120,48.271286462163516
120,51.926228426094895
120,55.98123945708994
130,60.43910840293984
120,63.93589788448571
130,52.97121214170147
120,56.65857578051282
80,56.27600176039141
70,49.304081251894104
70,47.970323474851284
130,45.674422291646806
80,44.878730197523055
70,38.007576844525374
80,29.402125207969675
80,29.79325467577246
60,17.201267884560366
60,9.083686126803514
60,4.6593119168157955
60,0.20763686200689335
70,-6.060274392564679
50,-3.291478353927232
60,-4.052161693523203
60,-3.154038094214229
60,-15.520756918265079
60,-14.044515248084736
60,-19.09514166783765
50,-25.890206953944016
60,-29.546449334854287
50,-27.63619124211982
70,-40.05348436641816
50,-44.03958265825622
60,-43.52076251637527
40,-45.93080919694694
60,-49.14137257729226
50,-38.232909160140025
50,-50.11042225011079
50,-53.63568448094202
50,-56.099635568629765
60,-54.71140891649293
60,-52.93792137281571
50,-56.60641908883099
60,-60.71987960891738
60,-59.884435284222036
50,-60.88657772232227
60,-63.357312092405664
60,-62.43022176352497
60,-63.38221021911386
60,-65.23512692793975
60,-65.52265974104739
50,-71.51829287092232
60,-77.84783240138813
60,-71.26186590398447
60,-73.99568658052249
50,-76.21253053738383
50,-83.45045217266215
50,-82.9978229369558
50,-77.37175248944368
50,-78.77537593059105
50,-79.42022558559984
50,-75.03985448524963
60,-75.55936774075963
50,-76.4494970944861
60,-78.30808034822576
60,-77.02234097668634
70,-76.35520080936294
60,-66.4297389953781
70,-57.34020974099394
190,-48.85836300543815
370,-24.36253393012521
100,1.4516973458260054
90,-42.53183590212075
110,-27.120559186330638
80,-19.043684397393463
120,-18.205687073950457
110,-12.965513632625061
80,-11.920723344636144
560,-13.202331623852615
660,73.97830201392185
330,78.4953451364197
270,5.228789123624438
290,-27.57508057276027
230,-37.74875929016298
250,-47.595519512667124
190,-52.10569389016564
80,-64.90961765696102
70,-80.44307644168657
60,-67.46954713280365
80,-49.36496240819497
80,-38.02278096634154
70,-19.703926144179604
60,-12.459097860134989
80,-9.307626950931535
70,1.4635972561368362
80,16.14547911128011
80,19.311430870384356
110,33.78721894249907
600,37.34927455898378
560,108.38074191978353
320,68.65087823597605
260,6.310615775050792
280,-36.930477877029716
260,-49.41020012561012
240,-68.17664500016463
210,-71.60831180616105
100,-68.57824359259166
380,-79.29027042276948
620,-11.954365917544692
310,27.67317321634232
270,-41.46622935147161
280,-67.31218631105412
240,-70.46376894461582
280,-65.66185990771737
230,-42.08509720067059
170,-34.404799330251535
170,-19.57500247913117
620,-6.5498741408746355
460,68.94391924729689
240,28.09650238315544
250,-31.745121467841727
270,-39.58201825451579
250,-48.3041784221964
220,-61.29182460558559
170,-72.22605935671118
100,-79.89951986613914
200,-77.4840422153884
350,-30.19844988817522
300,-10.711273768795763
450,-31.345790903277248
450,-16.68244539330226
290,-25.837027036995096
270,-51.18218922020651
280,-50.969808536321125
200,-43.14281928546052
120,-50.002990566117205
120,-48.237104192191964
110,-30.22932703917604
560,-14.799002835182819
450,57.44249791875245
490,35.965079558946854
280,19.253529239004592
280,-28.428974444226924
310,-29.975525201679602
280,-7.077547021136752
310,0.2169184568244873
330,14.980448347228048
190,19.780903151229495
130,2.144736014578257
140,3.3454975148026733
150,27.25530124865554
140,35.704581808288594
130,36.408560073141416
130,46.28462697981445
100,61.47685039760836
120,61.95402753181497
100,79.73739361081948
80,61.90639560185127
60,56.03231464004352
60,56.18291023678739
60,49.019830380967505
60,53.40584872909676
60,54.225991284046586
60,45.81907917706485
50,48.5061235376445
50,45.43017844983797
50,48.0306452910163
60,49.98394887248696
60,38.89515618166001
60,22.23376395008563
70,14.113015173740905
60,12.068399093559492
60,9.234835455554048
60,6.867384795903035
60,4.015139128743613
50,-1.1508604644657225
60,3.587177831943791
50,11.442508793193156
60,17.327414577976924
60,30.963450945326713
70,29.67113246253166
60,33.78783831938017
70,28.327243809280162
60,33.36333477052176
60,34.32022634017994
70,32.4067562029536
60,34.04158673842949
60,29.808925958474447
50,33.34231089829177
60,37.490919236262926
60,43.12672120001321
60,49.35873028841411
70,50.03510311840546
60,61.697419248399456
70,56.2599360961392
60,56.61642330950281
60,52.71140748777839
50,58.260337319295786
60,56.61298013967007
60,64.67776951125597
50,64.29177630942468
60,60.30225006529645
60,67.7248864123344
60,70.24373281995531
70,72.00829255093868
60,78.10570349884028
60,86.1976507353686
60,85.3657288157026
50,86.13341358423395
60,87.38554658577323
50,99.43799568774284
60,104.27005361365855
70,109.2421957297388
50,114.85322566991272
70,111.8095167088386
60,116.81184120983926
70,114.20324906215865
70,125.49483298373934
60,134.74518664336665
100,140.3666925238217
50,158.64649871680058
80,165.6058094135185
320,195.824035487356
350,247.880549772824
160,247.94998038581707
70,203.97660068794676
80,179.1685211348822
70,182.86283988131572
70,192.3213929369681
70,226.03061147992867
80,246.19471815554402
80,253.03919137608636
100,256.10068747230525
90,272.0132470213455
290,282.1059837884077
430,329.50296099003276
100,349.19668949940456
100,291.3763774105555
100,291.7507008581674
110,288.85283135850204
110,286.8794134557529
110,303.92454912776043
90,309.61231933705267
90,311.9589788397043
100,297.4213622378684
90,261.43163446501603
100,248.94464694850103
110,268.0315721243164
110,272.42018477435477
130,272.6142574943224
110,284.69753137059934
110,283.67176804013343
130,291.8460983029927
110,305.203653975987
130,300.2239379376506
130,313.4565216573883
120,308.4160056808412
90,333.8532072637938
100,352.6653739029075
100,368.58683824290847
110,363.9049857089258
110,361.92276173802156
100,358.05509350889565
90,359.38478401490374
130,378.9091188033192
120,416.10994846352423
140,430.2675506157093
130,448.8135933182366
130,445.0803530778094
130,443.7832280233506
130,463.2542330557176
120,458.4396698059695
110,452.5168807888308
110,453.7115735797447
110,454.0546179101134
110,471.16568113524454
110,482.76901193394883
100,492.9655132514349
100,491.6647018964959
90,482.97021631224584
100,462.53298422402395
490,457.37637556406435
570,507.6386971908523
460,446.76870949187924
120,354.5934325917424
100,261.1397818707808
110,287.0717972082498
110,327.4460420156488
100,381.223110282544
100,393.44422752597666
90,398.4792091974982
90,401.92433468733134
90,401.40668527296157
90,399.9203770568763
80,402.7827660652765
110,379.2774892415732
90,381.35036763582184
80,374.59778453374565
80,369.9613562628542
80,377.9663926015621
80,373.2828369119677
80,362.0875168811426
80,360.4137538833784
70,358.1771147033487
80,357.55663702425636
70,358.7445746961307
70,365.0321639492786
90,354.22044674272865
70,361.3448978326778
50,341.6713538699473
50,321.75831701235643
50,317.3514277192817
60,312.1858756282038
50,303.40443175847895
40,295.2342766976667
50,287.0525654732505
50,287.0207632971983
50,279.1731518697702
50,274.8430050924421
60,264.5176792834445
50,260.2236316738595
60,248.8304963799642
50,244.11221031109426
50,237.35189616565845
50,232.32556490017737
50,224.14830033813314
60,221.7550258284482
50,220.52375198339814
50,213.8900574942486
60,210.6264668137428
60,209.00429995837362
50,207.42805359809472
60,203.3230404567728
50,202.3843648864513
60,196.62817881482556
50,194.53899190300626
40,188.25044162137965
60,187.22004545459208
30,187.19930042556234
40,183.6448222709255
30,186.23515043123916
40,183.406723129149
40,184.9108003480992
50,189.11843210598136
60,187.81450439865694
50,188.07105143961894
60,186.04464437286038
40,187.0140421582587
50,182.72742970258514
60,188.56605716487638
40,190.9561969253523
60,188.03527543244854
60,187.9325955220072
60,183.03637614931313
60,184.27353161556948
50,188.93987856180252
50,187.97709638988545
60,189.00826794320164
40,191.7485104590553
60,189.7621774799229
50,195.78435461344566
90,206.95742282080732
80,213.1161188699366
50,206.76019272949634
60,200.56513202221186
60,200.9768696336523
220,202.42328485857342
190,253.8528383299788
120,244.3774973981167
70,225.45320735277437
50,216.5979846861178
150,219.66439274601134
130,251.2850839635919
120,242.91020053375087
110,210.35332585559763
80,251.0805115446119
100,272.28351476649686
100,277.6072666988059
100,274.4786466646499
70,306.51174518380344
80,324.97924392528785
80,354.1083850749926
200,371.95920677487584
110,413.70879205601614
110,393.0112897079707
100,400.4954916120007
100,401.26856745515124
110,399.355581870132
100,401.22504999598596
110,391.78618468989816
110,396.3615196100527
90,409.75751101267474
100,402.17668303573055
90,397.71965554283815
110,396.4237535651305
100,397.45653664442034
90,399.32619060629645
110,403.51264022033683
110,409.5109280879699
100,409.6161855344458
260,413.3138866621548
160,438.4406430360086
80,410.0570505995481
80,386.844310358445
90,394.23069600134295
90,399.8621595933773
70,403.18266329099515
100,407.3491731600161
100,423.3883791613687
100,411.99176068095153
80,414.0612703367128
90,414.45886713384516
100,417.9952595102229
90,433.65846875493753
100,435.8128211744024
100,437.1806944788773
110,437.0476205283792
130,431.5493513463193
110,430.204550729675
110,423.46577494953954
300,425.47428739112
360,440.6197418365857
140,448.11020463703244
100,409.5047824899111
200,397.57949702614906
330,415.19125709171476
290,421.324251738052
120,372.98386610191096
80,333.98172514777207
80,318.87957352421677
100,335.9592772816593
110,342.916197862274
100,346.7356821217404
110,338.8898421550384
100,339.91193435119476
100,336.1475219996403
80,316.7277156075688
100,310.73071914091065
90,319.1074813976088
100,301.150668377712
90,298.3577549602162
170,297.75806438446443
500,313.39782459468825
330,363.3846879713433
290,316.6939981920941
260,282.0865606645575
230,263.7949766005481
240,236.2131783659197
240,224.47142039417395
150,211.4288361537374
100,179.42581455475374
90,154.5418858795615
90,151.02285390688576
90,156.0063338961529
80,163.20764650143747
100,162.23044442943
70,158.22955433550806
80,143.82103106728619
80,150.47160088913552
80,151.8278065752247
80,150.32738379342004
90,150.92217410240073
90,157.60709162264743
80,148.31808629107218
70,142.16085336966262
50,145.88093083231252
60,137.24918639460566
60,138.34987495852988
50,140.3787280745678
50,134.84271104773802
60,129.70795473546377
50,127.65709434531573
50,131.5802751945871
50,129.35602131033238
60,131.51154733523754
50,128.72570226060589
70,126.91841214485703
50,127.95253744168326
60,124.96665722018906
60,133.6074010379716
50,131.16515835054156
70,129.0643548687849
50,128.37211131198774
50,125.84134375828398
50,123.79069810516376
50,127.63782004604263
50,134.82154219756058
50,137.73355421265205
50,135.82161934990268
60,139.82425823423478
50,140.78887879846616
60,135.21099048087626
60,138.41378719224394
50,138.61593282937838
60,146.36843729493648
50,152.86444976044027
50,151.2744904846345
50,151.82682309429083
50,152.5290640862786
50,160.04216378442743
50,159.93090729837263
50,156.0503599861172
60,153.86619957285802
50,155.31937523104807
60,155.00794558575262
60,166.67342898882293
60,162.87690532180932
50,155.1095290093549
50,150.2548458064316
90,149.32840031196815
60,152.20576556532433
40,152.0117035826147
50,152.68880976536252
60,157.18280527504362
50,165.8238475813364
160,162.79616171156135
170,186.7452810537568
80,193.78701399642773
60,168.73910340094744
50,169.30081597418848
50,164.081885539631
80,183.6361779368567
100,202.204217319583
320,228.0466812907057
160,261.68716099363746
100,225.62370047278296
100,218.5299299927824
110,227.58000418849815
100,235.2267273677371
100,248.3454235775357
100,246.8060267720457
90,237.15636976278915
110,239.33145113381147
110,244.2463350800615
110,253.15222988206597
290,268.24288552152643
450,307.9201462534652
160,345.9812526325443
100,300.3900261769668
120,293.30781695627707
120,297.66833072759846
120,311.1839842139357
330,306.67827363479773
350,344.9119965943664
360,346.1711022450229
340,272.35858741767606
100,209.2638425838527
80,198.94655220447316
90,249.6186216016988
80,280.34674920598763
80,295.4295778534274
100,323.2790209069417
100,335.99620732609037
100,341.2351872436441
80,349.01613820284615
210,342.6050182368667
90,360.8454321147342
100,327.4185727232416
90,356.18295935818446
90,360.7193035539874
90,371.3100577686837
90,375.3350684056195
90,374.2727996045676
80,373.08368822328976
90,363.49716324405176
90,358.9940266989213
120,357.8750003498626
110,358.7068217670276
110,359.9966056700573
630,364.52203560612907
400,409.407112592
350,296.416241957234
120,299.1260216190849
100,261.1940938092471
110,258.44113850841654
100,252.1120935356439
150,247.099007356107
100,267.7855465294647
120,279.1049614494377
120,296.0442613371588
110,305.0640313313288
120,310.22978922024186
120,330.29830827856654
110,313.09088883793174
100,321.99220103811535
130,314.9647045321285
80,319.2938087811276
80,305.8473258098652
80,312.81589047124476
80,304.06716677380246
80,306.98977446725985
70,313.29107176714933
60,303.04653167364313
60,294.6599644358296
60,295.580950217402
50,272.1821614275884
50,267.4366984520118
40,262.23080235285306
60,259.95084422800574
40,265.4730373397356
40,267.17552222782706
50,252.93598108338506
60,260.6665274147724
70,252.39210813610953
60,257.1220138629917
70,245.6765011927746
50,237.02261680811216
40,221.79122349970612
50,216.2192519630048
50,214.5147223867882
50,216.51970909833062
50,216.51711671104522
60,212.11458164270607
50,204.28511851264875
60,199.44875904453556
50,194.8519266502267
60,186.12602533600875
50,185.88721084029385
60,180.83128981959203
50,178.9069288001897
40,177.62939285542552
60,172.5983482501931
40,173.97404995636316
70,165.21907331684315
50,167.27378182990446
60,154.4779494265681
60,156.35501704042576
50,156.60473317409833
60,157.01198224758832
40,156.79754924448935
50,153.89215380842006
50,157.21046467843826
50,155.62510448819103
50,157.52329269382244
60,159.08181682870008
50,157.90897481144225
60,143.80004143772385
70,151.3311605758331
80,149.05917598278324
50,145.75898026370214
50,147.6791336006131
50,150.6852159608859
50,150.16463473499743
60,156.24849641029004
40,161.07013321234854
50,163.7343849402787
40,162.98276960946941
80,169.26504364716902
70,176.98428075430047
60,181.12944856308195
70,177.86431933386848
110,183.6094687906491
50,193.804041626051
50,186.74997123906815
50,190.45659377941865
50,208.2731970565501
70,206.42700401943284
50,221.12895193826557
60,217.33766875627634
60,219.10441014917023
50,223.06032984646117
50,231.71576835745327
50,230.84289583337522
50,231.50638701473667
50,234.3249057846151
50,237.71995521494705
60,241.23765390810286
50,252.70946376340635
50,254.00336389491258
60,251.73449791909252
50,252.80752345403107
60,247.84030235302407
50,251.85687397062884
60,259.03898326048875
40,262.8566973312636
60,257.6672906600404
40,258.46642387866814
60,256.73629286672644
50,259.7645889056298
60,259.9347765944467
50,258.5703094011835
50,256.84144068802743
60,258.4096678668534
50,258.42641803265155
50,250.50196426784964
40,256.4656072808252
50,252.37612256052398
50,253.62534083411765
40,254.66533149685165
30,251.5609307041084
40,249.68421080437065
40,255.32215989750557
60,253.99482794295545
60,257.2499507049631
50,257.05014289270275
60,254.3259124722142
50,254.6520004020731
50,252.38052127373885
40,251.57274140774734
50,250.76784092512185
60,249.16280915029392
60,246.63464912999575
50,247.72975080672904
60,238.44977355839137
60,238.9891547460743
50,237.4789247441463
80,237.12873280184954
70,250.58386929895505
80,257.5076218059712
80,269.2443084206825
80,274.51738403580976
90,278.98687988098754
100,284.9684539866146
190,288.24777302829034
380,300.46189894000236
100,282.7825801694744
90,217.51188897760085
110,217.81473888618302
90,226.34388189995207
110,235.12068787632802
100,242.71612202861934
90,237.19722436237748
140,244.6579837945892
140,256.157429856476
130,261.7015650354076
120,256.13285897056085
120,263.7135300466889
130,247.10105650260448
140,250.69519357380887
110,251.71018078987208
110,242.85697443284562
110,237.04986477875036
110,232.55026378013736
90,226.33127138212126
60,226.84287439863715
80,214.50317253309595
50,220.09012168490608
60,202.3111731689678
50,193.51206683209443
60,184.2812311711948
80,178.41985847242108
50,179.15232662772564
40,170.3791135655165
20,167.602488762034
30,168.97088676374506
30,165.83684736551504
60,167.80989086994578
60,176.5418052567029
60,173.28481684860162
60,167.39073767897253
60,165.69921402973296
50,160.75331797765512
60,159.13755647716152
50,166.59281687159637
50,152.05156398160398
50,148.6322691249752
50,147.08990577166833
50,142.8723468571893
40,138.62204134884382
60,130.6746354076513
50,134.86947779697857
60,127.10888542490011
60,128.86153843860166
60,113.58253807157007
50,110.32697835262297
60,106.19111231949705
50,105.27684262947582
50,102.26670691680943
60,98.70273249749584
40,106.9837959622705
60,105.6857535261181
40,112.9475847959327
60,100.78766800323638
60,109.44963651778585
50,106.34732116362557
60,107.80246449707897
50,111.90300930039575
60,109.53148449728542
50,113.6178785166635
50,113.17681320543716
40,112.10888682295445
80,123.26870028506346
70,126.30407098666365
60,115.5443131354507
50,120.15637067918169
70,130.89980955879992
60,128.0272041325643
60,141.26299649309567
130,141.93794558199784
60,148.77163035997
70,140.88331487964342
50,143.0463648313323
50,132.28425214330332
50,148.5270965739835
50,148.30716124755872
50,146.71966153452877
50,152.45041802097035
60,148.94710066392372
60,152.5529279467064
50,162.00315036887332
70,164.63242438371572
70,162.92397620274983
80,167.8046533282154
50,179.03293529786288
50,174.4470475123694
50,185.19766041347316
40,189.7672985075401
90,192.95361630063553
60,205.79907928178818
80,203.34690593814798
70,218.3583873110756
60,237.41559205626845
40,236.75572488273428
60,248.65099088017587
50,242.943330805065
50,242.91246124907798
90,258.9182168531456
100,293.7472346930306
80,294.65778050236895
60,284.9367568981663
70,277.47408144767405
50,276.1874180144173
60,265.66003786181795
50,270.6731427521004
50,268.9036069005592
50,269.19420565491646
40,268.0062685344385
80,268.5389199926276
70,277.01450364652896
90,278.34108040642786
80,285.5430685902247
90,285.5433984610622
80,288.0025706839101
90,285.9394446626113
90,286.09197859390224
90,291.76394497517254
80,291.1042720132575
80,289.1192012487095
80,294.69626433391636
80,292.43747605740964
80,291.82223997252413
90,299.3072122448971
90,309.3910316748577
90,312.4096507065317
80,308.1029002798314
80,311.7309450442176
70,309.62960092876483
70,302.6440307375633
50,298.23704878222543
70,295.9142737609782
140,297.16284699512926
240,296.6436561065427
60,265.95182787517024
70,224.88852519005832
90,229.86103219026654
100,244.53425355918398
110,249.11237976847497
100,254.28124601620857
240,252.41038295258954
130,263.4611137301415
150,253.741694822133
120,249.04576517902615
210,251.58703233726692
330,261.2496519820934
130,287.0469308367615
130,248.75245183490188
150,241.026694491969
140,243.00882208554822
160,240.62112156368858
140,233.21893657346232
140,229.33703083337878
160,218.07469284872423
140,210.992069326383
130,206.01723137019053
290,200.29480571845306
460,231.9742695527616
160,257.891498193344
100,198.026401136691
110,189.0425926084945
90,188.43262045883557
70,178.12394985005722
60,176.44993306163087
60,172.77682514946878
50,163.87021995701275
60,157.48340838090553
50,162.37647557226433
60,159.49202166861323
40,159.9267892017076
50,157.34418022824912
50,151.5893120139367
50,151.11350374607127
60,148.51103774572584
50,148.54675231659667
70,143.3230894567041
60,144.9448195619575
60,125.95929172215142
50,127.16659915721084
60,122.26988227731181
40,121.3478676708769
50,116.35593631615939
50,119.63179969058547
40,112.93632634783171
50,109.45264809012428
50,120.05873476624879
60,114.68382037533843
50,119.36907655452296
60,115.14959290964771
50,111.6661710446665
50,110.18660992155651
50,111.70259782225094
50,112.30216285619645
60,110.49088983436695
40,113.91358637240342
50,110.75224312866158
40,112.03884456831838
60,109.01879812516563
40,111.57031029603422
60,112.07489812280596
60,116.26239493132994
60,114.06484239448992
60,113.62960362251602
50,112.55549300614894
60,109.99544191703944
50,115.76852255223184
60,115.66599477986074
50,120.68356105098724
80,114.49408279416502
40,115.75230749432922
50,118.43426712054679
50,132.56650269162378
60,135.97016618383168
60,153.738378855694
60,150.26901009495123
70,147.77627566962974
60,148.4805223652197
50,148.63442938854314
50,148.3998357452076
50,150.28393735944042
40,159.0616381806194
60,153.92527066765388
40,162.485591799943
60,159.6397426012943
50,169.87316956617633
60,186.04196580667258
50,187.01559503638032
60,186.0811209471167
50,188.91654533099086
50,189.6842442223849
50,189.85378251925977
50,203.90287922433163
40,207.603032592182
20,206.3524371451308
40,206.6743880365293
30,218.39992852448654
40,221.80089794724017
60,232.5922268094214
50,248.71209370214024
60,244.16877476362015
50,240.43310175137367
50,230.66125546956027
60,223.509029986722
40,229.12439329952645
50,224.47836522946545
50,224.7137487696532
50,224.49836177654197
60,224.89534098849026
60,228.35158447152617
60,233.5648268121854
50,227.37969733357477
70,224.1090663323739
50,227.00164850993747
60,220.81310423298874
40,223.1255254481498
50,225.31307345709388
40,223.4392853983063
50,230.29540121358514
50,229.93252415465963
50,235.0131741254845
60,238.3522439027688
50,237.57419781788622
60,237.7720325762125
50,235.2632907195307
60,236.59456238551502
80,236.8331647469936
80,240.48046530638294
80,244.3840959089348
80,247.2099826423696
80,250.74351508831387
80,250.35591112260408
90,252.47732676270903
80,257.6993717044493
100,258.24934620489057
90,265.2798441068535
90,270.47559183830185
80,276.83095334224254
100,277.49027700542933
80,289.72429646990213
70,278.3246189687525
90,286.91852816586515
70,306.4826161493063
100,314.35514326734346
400,316.76797292562173
520,358.25115718946654
160,328.28947074422854
100,243.0908765865338
210,247.6523833153874
110,274.95242848819885
70,268.87255591879125
70,271.64664662605674
70,263.7368463784601
100,261.2427480905542
110,279.7254667678553
100,295.64334358440783
110,297.5989150732885
100,298.93834505907785
170,289.45115387171745
110,299.94406079175315
130,276.3805175545317
120,287.4941072699344
90,286.58520144439603
90,279.2717306663749
70,273.75307245344356
80,271.52344112372407
70,280.1005262449878
60,269.1393701724289
60,259.12534279024044
60,251.311336553787
50,230.46699860881745
50,224.3605124326682
50,227.36350211285026
50,223.609633288974
50,221.76926936108566
50,216.41735995118506
60,206.01093436768542
50,212.61865876019056
60,201.33144230516837
60,197.7564602067132
50,198.39630878714206
60,192.05686831744924
40,172.53324051171785
50,167.975521040099
50,164.09128676425553
60,159.80109544885408
40,159.0719034263118
70,152.98239074614958
50,150.4458001980961
50,146.3536200824783
60,142.02136710469222
50,138.47971433189423
60,133.41301701791053
40,133.38013032670574
50,127.88353097782601
40,129.1201219234356
30,124.48975004380827
20,123.30018187445057
30,122.97472795304111
50,128.90404839073017
70,132.93067756672917
60,135.15460706449858
50,131.41967023316283
60,123.21499705201632
60,119.96482556692195
50,118.27269111607939
50,117.7396128881137
50,117.57247237928732
50,115.46638786661856
50,115.60323411152376
50,115.14479510365027
60,115.02837242570467
80,123.21019116428215
80,129.6193166025446
50,115.94762600765216
60,106.01856773294571
60,116.98121752828138
40,109.51087996546175
60,117.71585955697674
50,121.28453175548839
50,122.56904394201729
60,130.5014618700393
90,143.16736251833117
90,150.86703647511717
80,163.20908463139244
90,159.63729498308476
80,160.65836522273548
70,157.71791831371183
80,143.96035532413498
80,148.25636202896294
110,157.0711895694276
130,176.74667102255557
170,180.90888239072683
130,192.19697989453311
130,190.38894519366977
90,183.0746754532795
70,186.73885760753637
60,175.86472510126623
90,176.35141796801645
80,181.93704732120523
80,182.34387175086886
60,171.43666722550915
100,174.5209884349672
80,179.3717107078453
70,173.9452567702108
90,178.63098320083736
70,175.23391831191293
80,172.130221809663
70,173.62496915458814
80,175.7258910936423
60,164.68011561936555
60,161.87470884300728
120,169.07023076493806
50,179.9178218009788
70,171.66237731626802
60,180.08689940428008
90,172.59783578736392
70,173.03630122316508
70,154.87535654008298
70,154.7423187001209
70,153.21643203176427
60,157.05708007344742
70,153.81204788025843
60,164.58496076075085
50,164.09317158185468
60,164.3800049015531
60,173.9413791795023
70,174.4480212483404
60,172.23276206197033
60,161.75094645418494
50,162.98040263242297
60,161.47929948141245
50,162.81560025444196
40,164.83191951337858
50,162.85942483471717
50,166.87150125381868
50,169.18408437005246
40,170.19770948790392
30,166.40669631068386
40,164.50151173009544
30,166.52408839185318
60,171.19845875513397
60,175.4824339188067
70,177.2422443212347
90,177.56176599534865
60,189.32139415628853
80,187.3817576613542
70,198.39073581107732
80,212.64908595548218
70,222.42842567804382
90,210.59574321796208
80,207.2615224863098
80,204.29843404715416
70,198.592087005527
70,193.60751888822028
80,190.27200302264146
70,181.84888578215896
60,179.77789268903643
60,177.2215925666069
70,180.42541641848584
60,185.62486316544846
70,187.30440911336814
70,184.75510802833628
70,187.47087994391904
70,192.608747969276
70,193.15894671540764
80,191.98385008730247
60,192.75321553561798
70,180.20307786689318
60,182.29789713736864
80,186.9343307795241
70,184.37277568516356
50,182.10953309192564
60,175.42636499158834
40,162.80431852870834
60,167.48356564856817
50,161.9769243798164
60,160.2655351528847
60,158.78278732590297
50,159.74314119618612
50,148.45777013302995
50,145.71422329344864
50,147.46778138088166
50,151.4123443769463
40,150.52020600253104
30,149.51603076667084
40,143.8330837895578
40,142.8505481244506
40,140.6325369445708
60,139.5483100061706
60,142.79558367235086
50,138.9250485658872
60,123.41901761141389
50,120.7099727357288
50,117.22306767536861
50,112.37477616088927
50,109.48073805772265
50,110.09979341574126
60,102.7724398323312
50,100.48476883874014
60,92.58998939982598
50,90.83990374916243
60,86.92981229284828
60,84.85329866446159
40,85.07100367572684
50,75.39620697183204
50,73.9085060938487
40,74.41528257132859
60,70.7687248555826
50,70.9186622596394
60,68.97506678794525
60,70.53972702349847
60,70.1100647015246
50,63.7062519864312
60,59.11097049222667
50,58.68226903141158
70,58.40709446114306
40,60.05425446963909
50,56.94646592170875
50,57.0001078642199
50,55.817301415462225
50,54.687019850391835
50,62.80446436017451
60,63.25019525584048
60,64.51798272203223
50,67.2986787794523
60,67.84082527034684
80,62.32967096621974
80,69.21203781225631
50,67.9688268837076
50,65.8611589058969
60,65.61154394147388
50,69.10691102461215
50,75.61771158835427
80,97.85083689340422
330,126.6423267631817
280,185.31150822336053
130,203.68544593886645
330,186.2490075443934
100,228.10504996481268
100,195.09146831438466
80,204.3579736669194
90,195.71624732150985
390,186.0138322644309
790,226.40455175656052
410,288.3149393641015
270,207.93574097883402
340,144.78565960055357
270,137.62299692959823
340,100.12888649831757
610,111.87100893373145
470,136.86028700737188
110,114.56309808862034
590,44.85570307678745
720,112.41320017122052
600,131.22912026583094
260,109.05200791102129
310,53.84426522280228
270,68.75699260338024
250,61.732466903868044
270,61.296982407559426
230,67.62640552306948
200,63.40104757204267
150,59.942290700205376
80,56.922648692909206
550,52.66997926122394
620,126.00092858046673
250,136.66766350913895
300,74.91479955473073
260,84.18817476679124
220,79.47165429526012
270,78.3955456051051
220,83.00984619884548
110,77.26716207657046
480,60.1542904838102
520,122.01621480059475
380,127.38180226414806
550,103.12989208981139
540,130.57004275223926
340,133.02856812030905
220,92.71338384208548
140,74.05179885428515
110,59.819943731964486
90,56.81475786434112
110,61.28283086262127
100,61.847420543854014
90,62.17729409115509
100,60.83252810381464
120,58.118873034999524
110,62.57869016158065
90,64.56995840255058
80,60.18689586380242
90,63.891706178372715
80,59.361236304296426
150,49.44231510874579
130,57.856293417614324
120,56.94704215468937
120,45.32071316497786
120,41.844367642727775
110,44.25204126730932
110,30.64573281527919
110,31.204460880958777
110,30.99839975249506
110,31.443662923516513
110,31.791814173297553
100,31.57322864537491
110,20.98750988517213
100,27.73424638553456
100,19.748514015307137
100,13.376437987950567
70,17.76995264487732
90,12.35666353925717
100,5.727882611311998
110,5.362538872109781
340,-0.9506574665347216
90,35.126054755161476
90,-9.042274542899122
80,-11.222835236772426
90,-24.016192457749867
60,-24.85936091488702
80,-32.10402701588373
70,-29.84784051648421
70,-34.06845324341748
70,-36.70719957983556
70,-46.939769063058975
160,-47.65900928849533
410,-34.94943043280591
140,3.7864606598302544
60,-42.92356231987924
50,-58.12090881406084
60,-67.91653257099415
60,-68.02574601948845
60,-70.45540704247469
60,-70.46030225115783
60,-71.92127908895827
60,-74.74085579745952
50,-80.72325715885563
60,-85.16050992056762
60,-86.10605003736373
50,-88.85647809548527
60,-93.16488059159383
60,-94.1062958610064
50,-98.57548933937233
50,-101.19178673329998
50,-102.55362081961948
50,-103.22617855669569
50,-103.90130831545002
60,-105.22780424176699
50,-103.61525392801559
50,-106.50277607043972
60,-108.34848629491535
50,-107.76309488546167
60,-110.67901351210503
50,-110.9197220102219
60,-110.48293965576295
50,-114.8646027512109
60,-121.78303159596726
50,-125.32831368421739
60,-133.2782468867117
50,-136.81534545759087
60,-139.10187978294425
50,-137.17840137448184
50,-138.273240279304
40,-138.0447263396518
50,-139.1720781367344
50,-137.06895052906702
50,-129.4169937038837
50,-132.46287784703873
60,-135.4909284866485
70,-136.70290100070088
60,-139.15360953603795
60,-143.98155507643833
60,-138.43802871571552
60,-140.20363655026404
60,-141.8365171598607
70,-143.5993256302654
70,-144.07755118510477
60,-145.94181054882165
60,-134.01091003496276
50,-140.95123678181835
60,-142.82460731122183
220,-142.33861488262573
490,-117.2762460806075
260,-74.18045760687664
120,-105.79589104277011
120,-131.86496527310555
100,-134.16627460925474
130,-139.09082924610038
100,-135.56121239598315
110,-140.60610088809108
80,-131.22301764155236
90,-136.71904548559723
80,-136.20503909248373
150,-138.46321180670384
490,-127.2842700139172
320,-73.50306132247943
360,-96.02771718788154
470,-95.28713131188806
410,-82.28677127150877
290,-98.53833848624708
280,-123.94275212339198
250,-132.4416513193005
190,-150.78103023223775
130,-163.65390019018105
110,-172.8759934212485
110,-159.80894679636458
120,-166.36395580087446
100,-166.24827029687867
100,-136.2030871938582
100,-106.64674232321022
110,-96.63553037200609
110,-73.32005210411035
100,-59.22030035298576
100,-52.078349659208016
110,-35.493723410398616
110,-35.274771356004294
110,-47.91681020568058
110,-47.21390950093473
100,-45.33624623541982
100,-49.35440135298768
90,-53.0380508738217
100,-40.149383301896705
100,-29.804527275649207
110,-21.00056595360411
90,-9.756660536484787
90,-14.116512136248048
90,-18.6665296597248
80,-9.062564441705945
100,-6.634401938468045
90,0.6910021199494167
90,11.791781256010836
80,19.16955060487635
210,18.05278540710833
440,36.575008741228885
340,70.06603678324518
240,44.7193720115863
200,19.27954339221742
160,-4.011006480378683
130,-29.68975089471087
110,-47.12690301430257
120,-45.245729273795405
110,-36.143634029564055
120,-30.917860363641694
130,-13.655574825991152
110,-24.983780804510843
110,-27.747790966202047
110,-22.05185385058303
90,-8.841362339593388
80,-1.3362185570626934
80,3.276282805478786
90,-1.1235684020164172
120,2.34405712585567
120,6.8219283934326995
130,5.520356258361744
120,6.913509341389272
120,-1.1705469431360598
90,-19.44080771265817
100,-21.360549301002266
100,-28.287542263107298
90,-24.707590798141837
80,-29.160077151458154
70,-30.90448301199058
80,-44.16325573711083
60,-43.76682448013844
80,-48.28514941826279
100,-43.752719437704854
80,-42.46801571858714
70,-49.33779341255831
60,-56.748448282578465
60,-59.326677766220655
60,-56.2433997331691
60,-50.264550213030816
60,-47.645057816550434
60,-52.18156298391614
60,-62.197408397468735
60,-66.12729460348464
60,-65.41692158460091
60,-71.13072558847989
60,-69.44742756055439
50,-68.67869546389466
50,-70.86790992630586
50,-72.63228245674281
50,-73.16528313388562
50,-71.83327254631422
50,-65.8508200072356
60,-68.70115366008031
50,-68.1884765807431
60,-72.16097117500522
60,-70.37054443421266
60,-72.13382838324469
60,-74.1593933903082
60,-74.72033644515432
50,-75.48357892145441
60,-76.30621967095522
50,-74.48229179641703
50,-74.5998935335133
50,-75.52647324472082
50,-77.76029238489082
50,-74.40372804415028
50,-76.2479424469434
40,-71.98756634299889
50,-67.71044904253677
50,-67.41457616072285
60,-64.96875299594967
90,-58.53733138182133
60,-57.35299230674673
70,-64.69813576300658
70,-55.814526498837495
50,-61.18878476187956
60,-61.24322141109906
60,-37.79190148637235
60,-32.68014732456459
50,-22.145912584504686
80,-31.519419924448812
50,-26.673885688252767
60,-26.165016134686994
60,-15.424904280722785
50,-14.934525288840177
70,-16.99626937535504
50,-15.266039843749923
60,-11.335414466025895
50,-4.8768246423287565
50,4.659845189943553
50,4.61771704173384
50,4.689060680536841
50,13.362981234674862
60,14.105356935530153
50,16.082560348893367
60,23.4953136113013
50,24.86109022267283
60,30.052952656976686
50,30.36527411256975
60,28.41828798105371
50,34.69930026099064
50,43.36150334207059
50,47.7879004210879
40,50.792814970986456
60,54.41723514465366
50,52.16703782232389
60,49.56606240419978
50,68.01114120242687
60,57.60992472002681
50,50.25384699692722
60,53.94712203070185
60,50.34263355105804
60,55.67569043695221
40,61.128805400563124
50,50.358870217733056
60,56.22268927358846
60,58.97213076423236
80,55.45771459878324
80,66.24215626933437
50,80.01239322235233
60,77.42924068537604
60,75.4915973657703
50,79.30270088241923
60,80.28442963309317
60,77.84413771355048
60,84.81489947473665
50,81.59277632034309
60,78.3975309134214
40,84.01612434475487
70,83.97206776371286
70,78.69461411977
70,76.39552358550418
70,76.64319333392177
80,74.73289444830266
60,84.51150806918463
90,83.23814020486498
70,89.94317877820185
70,83.88104444724468
60,83.76290638309001
70,78.07166283484207
100,77.13187979180793
290,84.07086606218809
350,121.39363762341691
270,131.1464165625532
230,119.8811747493578
240,95.17686941843886
590,104.19497089656625
490,148.4028856317882
460,92.15499733181059
160,57.450755498346325
120,6.284857364178606
110,18.253800477029017
120,41.88709117520125
120,67.96290534923992
110,74.72146301719658
170,78.84064913846396
110,96.41472059921944
110,89.91464783675747
110,91.87704145382804
110,101.7217495996315
110,103.90428215134352
110,96.1337518274513
110,98.66593950923061
100,94.28936377451282
110,92.83850941065884
100,92.0228860167042
100,99.83765598523223
80,90.06448235731614
70,91.36619237719333
70,92.94733419880913
60,101.86593478565374
70,89.67423734501926
60,87.51200359581162
60,77.27415591353224
70,76.04928676258692
70,74.96320661723735
70,60.37240075437376
60,57.013290105084025
50,51.313537440630625
70,30.294090833856444
50,29.6039463832235
60,25.601598337578025
60,24.85098701685729
50,19.155303865010865
60,12.429298391404018
60,11.214849259616585
50,8.356100066773706
40,7.194878180635897
50,3.670936790570522
50,3.9241026698196038
50,7.867815065612831
50,2.205833711843752
60,-4.748943488169061
60,-6.434403348701153
60,-10.326830160254303
60,-13.205596792448432
50,-21.135807143064312
60,-31.879062628268457
50,-29.38212118721117
60,-35.918226446121025
50,-30.80788025474908
60,-30.065930440619923
50,-30.172052544725148
50,-31.830244684123045
50,-37.30483816633841
50,-34.57506223907603
50,-35.47720519519453
60,-34.15133728671162
60,-31.668576738975844
50,-29.33879624451174
50,-31.411967530726997
50,-30.448975462420094
60,-25.995813382844972
60,-27.728754422044403
50,-27.385899401163897
90,-23.472790807802994
50,-21.997810061422797
40,-32.26232390338555
60,-27.668432395695618
340,-22.872960453701126
60,29.28865490577482
70,-6.4829416059203595
70,-1.716334116889584
70,3.552006960450626
70,4.81355075218562
80,12.720449859791643
70,24.804150538288013
90,43.4368429367114
70,64.25979565145781
80,67.09779380012196
120,73.47738499789739
400,74.8396810499712
210,127.3389490370148
60,107.52141942865364
60,89.19254751479048
60,87.00308226075958
50,89.49143969043234
60,96.89215612861517
50,103.05230062737132
30,113.72966555798075
30,113.26479404475026
30,116.17314361317585
30,115.35266409437622
60,123.32550781498799
50,139.14111734039625
60,152.8927262315201
60,161.38704488482585
60,174.5409282304238
60,190.35698966598648
70,213.65941598735753
90,217.64195788719644
90,228.0760348881081
100,233.60160145597547
110,241.54798994388875
100,244.14192364856694
110,239.66128565356667
100,244.22678392894522
170,250.18766304328892
180,261.70232957057624
110,252.6613779719305
100,236.66154578434498
110,228.04454818644854
100,230.71547883302537
110,229.74437005233176
100,230.3763334597329
110,228.33960815135902
110,232.60553944517687
140,233.21075553046535
140,237.33225613626746
150,241.3548196052916
150,241.4412585306186
150,244.58685793239192
150,248.700334278549
150,254.3720386264804
150,254.56742602130225
160,253.9491755118156
140,252.75259017328972
140,273.132641789824
140,291.4819676323468
140,292.5456138289028
130,285.24980960438484
140,278.28755495059477
140,277.8454627354381
140,275.2158270956661
150,273.1527842506325
140,263.8817961657983
140,261.55398270090336
150,255.04000636264664
150,241.03921053402087
150,245.4327233062686
130,242.16797303162002
160,235.81140831177618
480,222.86837359649962
260,262.58463236754005
100,186.95970240085853
110,158.78238171795851
110,164.92578815506204
120,165.41060748985205
120,172.2202782217405
110,168.63950971724853
160,175.73349748302803
110,189.19537628158832
110,185.62029246407883
120,184.56260827916867
130,188.13269677558856
120,185.9358857948141
100,180.40007859990146
90,181.7398469296977
110,179.7383054116092
80,184.60986027234526
80,184.22941052063288
80,187.11566479388694
90,192.0614889632825
80,198.18775762861924
70,190.05099460587599
60,184.72745129812984
80,179.80757339204297
60,175.51908657295962
70,170.2438003558343
60,171.53076920122749
60,171.98915131462854
70,168.25151638187026
50,170.67678816007628
70,152.49386898384728
50,150.9465766068206
60,141.07452909790982
60,140.95701335863305
50,137.25717715535689
60,127.47058482134071
60,126.74374876026923
50,118.14709884796821
60,109.54032868833156
50,107.05319726152402
50,101.88477902348268
50,99.36121430846606
50,94.00563194482675
50,91.67506791601318
50,83.53618038335526
50,77.17051162706684
70,74.92608389100724
50,75.78961977925883
60,60.40004656182373
50,56.835195727153405
50,50.7490581086181
60,45.472521458004394
60,41.628854259093714
60,39.807235955719534
40,41.00899415505614
50,31.538726324142317
50,38.04297771754568
50,34.95113166511874
50,32.41963715468955
50,29.710523446265142
50,30.84087301659838
60,29.190819803903423
60,28.564017610729024
50,31.5790225302585
50,24.447085102556684
60,23.568147560351235
60,29.84442059941557
80,28.499086776474087
50,34.055282333493096
50,32.34941401158312
50,48.835228466413355
40,68.91388795912053
30,85.50050650665366
50,96.60526575610265
50,108.67602675341368
50,110.13023213910628
80,113.17803319486984
70,122.99107531353548
70,131.04031609532012
90,126.06145354535101
50,130.56198203161875
60,122.51835393286046
60,128.672866529379
60,147.31021549713432
70,167.16420142590277
110,173.44070582990753
60,180.93801879819262
110,164.31174300333691
70,178.56023312910202
80,183.30236525367445
100,207.06922345168914
110,207.9065595708455
70,189.9236149221756
90,190.39131109643267
80,203.94488907555933
90,218.68040126198684
50,218.12437599195437
100,203.93903973302486
70,209.14770422454808
120,225.73182944201426
80,243.14200100584276
50,244.564294342744
60,261.17059772816174
50,261.9326078860663
50,263.9999757083574
50,262.89848148254714
50,262.2681498221109
40,266.98481086066477
60,266.6480923140939
60,276.24899067313163
60,268.51252228887824
50,267.08955161987046
60,265.9545913441709
70,267.2749964414561
50,274.9030555910567
70,276.7993086229649
80,286.30793706815666
70,285.4698444601172
90,280.4860605542167
70,283.70124258799706
80,279.7627919140275
80,282.96330348713377
80,281.43570477502385
80,281.6060443574563
70,281.4574018798303
90,281.0160633760529
80,283.9772442779481
90,282.7045534547017
70,280.37636511183905
80,278.12198938341817
80,281.6980237570933
80,285.94525271881685
90,286.23407631368036
420,294.1925359139559
240,347.97852700670546
270,308.7871182778049
190,313.918171452824
180,291.9941234004259
70,276.948444407195
80,258.30666729421
120,269.29692707780055
190,272.67922188222974
160,280.513344602929
90,275.4517109337396
100,251.0756101132729
170,266.1730959278111
310,291.59695319192815
120,329.31872758028317
120,297.330180214454
120,295.2498797199537
120,284.4159831318209
120,283.93014005053806
130,283.04942513310834
110,285.21299319812124
120,281.51307507298634
110,282.04236472880484
110,270.74784056589715
240,266.7331265354014
440,283.8864859861567
160,312.5597749557801
80,260.9403032513651
110,249.36482116377374
70,246.53807240386436
70,227.1962889002532
50,225.8815823983996
50,223.31634220102842
60,222.523669794253
40,222.14127335352964
50,208.79639554674532
50,205.99056905178668
60,200.83761792604537
50,197.7870358895102
60,190.87608561109187
50,187.94503918621126
60,172.94854083412156
50,175.0219702058539
60,172.9773639714058
50,175.08006802077693
50,173.71454884156174
50,173.3173092471584
50,166.727093128967
50,165.1018967876298
50,162.4647755948131
60,160.91329150943193
50,160.8160773182558
60,156.6751703738546
60,152.38561159152755
60,149.99628938308865
50,146.93937367381022
50,142.97414068831586
60,140.7143070351649
50,139.55027129219343
50,133.59190830535772
40,131.491385979401
50,127.64326595729972
50,127.08704104745766
60,124.92205596778808
50,124.21956365451842
60,121.13402126176038
50,120.52249546006578
60,116.56465680046449
50,116.07400455170477
60,112.12713552230707
60,111.67270497593063
50,112.61460628927216
50,108.85260443517814
50,106.74686841260609
50,104.65581467117067
50,102.57677721848859
50,100.49031845809532
60,103.70892369536978
50,102.68840640448798
60,98.1988237542646
50,97.04403737926941
60,92.58700347764216
60,91.48866999153688
60,95.90788563036085
70,93.88465436436445
100,93.3887895881926
40,96.07246382992344
50,83.93767353011685
50,89.38224616295565
80,90.2241558829569
50,94.70049476511531
180,89.36208016253158
90,110.5128487534871
70,109.40996942165702
130,130.97888047932543
360,166.01525283223054
160,205.0210931812253
90,186.44476258491977
90,168.5447994833885
110,172.5589099609972
130,179.34795493269144
100,196.7643934606549
110,195.73504979952168
90,196.31529057347916
80,193.5023935974732
460,193.73758950978345
820,256.2198411893828
350,321.7369777974641
300,231.5307761763811
260,210.93612778154557
290,187.3906521652516
220,174.87461917281462
170,148.75561692071233
90,141.6529272414641
80,124.05626979915542
80,124.82207906001645
100,119.29407113704156
600,124.39524223729131
510,218.70217082984777
280,185.55855797126333
250,130.34922017473036
260,112.57737729178234
250,100.49469348677076
180,87.07043048888681
110,65.61981159944798
80,52.93847033827615
70,59.0635495667334
80,76.01400995850145
70,75.51501409293587
80,81.5879867863232
70,86.08769844250173
80,89.61571605946483
70,102.09568628586567
70,97.52223006608938
70,98.43422188554996
60,103.89472660370757
60,108.05653142345955
60,104.38436253608143
60,109.15714451050644
60,114.85801779675921
50,119.16865694701573
70,126.45015198042711
70,133.24810941922988
130,137.61622350522157
390,150.19679474625354
420,181.29026789703858
710,173.74733469170724
850,218.21893727081124
470,229.85180736520306
360,137.02391771904536
620,94.38147229693186
600,127.15297797629182
520,121.30129134328126
290,85.88359047940048
250,7.744622874417473
190,4.516815294377011
120,1.6820549843791923
100,-9.747269429192329
320,-16.71074103537785
270,23.044370940643148
290,5.097007446693624
270,-19.608111285012228
260,-42.180979047401706
310,-56.14078677615953
250,-56.88449530284743
130,-68.63747672807904
120,-92.24738229669083
100,-80.57850073947384
90,-69.16009444570136
100,-54.04484118027085
80,-42.77245153482227
90,-23.996787233304076
90,-1.545185420292455
100,-10.740544499634325
80,-12.178840458814875
60,-3.3097818716921665
80,2.333601699645442
60,4.161242297906028
80,-3.095312117687172
70,-7.3632555089102425
80,-11.001965792625697
70,-7.9807658891406845
70,-14.065699366663694
60,-16.095682964808248
70,-14.295170811296202
60,-18.202930112698596
70,-22.077942198355913
60,-18.502416905486598
70,-21.305263995907353
70,-27.753032102007182
60,-29.719518357989273
60,-43.71577849675714
70,-55.34923834574283
50,-50.6743293802715
60,-59.91794175779614
60,-57.98082293426114
60,-59.71372274755731
60,-65.43525263679066
60,-62.44442828923275
50,-62.358765250157376
60,-64.04511224602538
60,-64.67832646645411
60,-65.6124238751272
40,-66.97907931995587
60,-73.27059843134839
40,-70.20286712886491
60,-73.10475700101597
50,-70.78865803456893
50,-68.14201340788168
60,-65.27195842410401
60,-66.51667424013021
60,-74.06717012269246
60,-78.24763232666965
50,-80.75346407885945
60,-85.65012973741841
60,-79.35460852623282
60,-83.64849622164957
60,-81.41201786048214
50,-78.96097088104898
60,-81.05012618197998
60,-79.3617864923649
60,-74.8385520806919
60,-72.54225758679422
60,-66.74234915386387
60,-72.28954876410899
50,-74.35486084800823
60,-64.42003770428119
50,-60.64078847623705
110,-66.69885932950501
70,-45.93395938229378
50,-44.87053405165716
50,-43.3565462173633
50,-30.066545602956694
50,-11.88170432604511
60,-3.999883260877141
60,-1.1049069727375809
190,8.195085506735495
130,28.147220344606012
180,11.110936080874808
360,34.969362926444774
100,13.144955705842222
70,-34.652897514773485
80,-22.550605712575816
80,-14.846258510603093
90,-11.612249069738027
90,6.361858441713821
60,12.579329845427083
70,12.443090622226464
50,21.339981907879064
580,17.171155870234315
660,117.344213522053
300,148.88178608728003
260,75.43938450224232
290,40.65433881862259
240,27.39699004437307
240,1.402013262917535
180,-11.01485291282279
190,-23.52509364662319
70,-29.67161783296683
400,-43.28937092451315
620,18.525720809128416
330,57.50234070126862
250,-3.1771135509250144
260,-22.628144601764916
240,-43.037201870953595
230,-62.55701213663451
220,-79.87791788740242
90,-92.87736492487556
70,-118.5769723831354
370,-112.40258768123385
280,-56.767513831076485
240,-54.49062583541945
250,-49.791397838871944
220,-47.57022015659095
230,-47.640895019864274
190,-40.41624987348905
160,-53.91964979698287
80,-77.55600922483245
60,-101.35484271023006
60,-100.7237969739349
60,-83.17279438775859
60,-75.69782450321281
70,-68.58033984081294
80,-64.26309799443925
80,-56.86622355863847
70,-57.81371147673417
100,-53.65186312484684
100,-44.53562980877223
90,-42.394618889920366
100,-31.356927043546648
220,-25.10413633684834
180,-2.5590921738116776
120,-10.853966922462632
110,-6.380587464443352
90,0.4948600458751571
100,6.948319451785892
90,11.205795431270417
270,17.555510724582973
420,43.385289959338024
430,69.48893340551513
